{"cameraMode":{"drawMode":0,"name":"Shaded","section":"Shading Mode"},"sceneLighting":true,"audioPlay":false,"sceneViewState":{"showFog":true,"showMaterialUpdate":true,"showSkybox":true,"showFlares":true,"showImageEffects":true,"showParticleSystems":true},"in2DMode":false,"pivot":{"x":-67.74536895751953,"y":4.738348484039307,"z":-7.647735595703125},"rotation":{"x":0.29154375195503237,"y":0.5052602887153626,"z":-0.1856221854686737,"w":0.7910336852073669},"size":2.8578836917877199,"orthographic":false}