{"cameraMode":{"drawMode":0,"name":"Shaded","section":"Shading Mode"},"sceneLighting":true,"audioPlay":false,"sceneViewState":{"showFog":true,"showMaterialUpdate":true,"showSkybox":true,"showFlares":true,"showImageEffects":true,"showParticleSystems":true},"in2DMode":false,"pivot":{"x":-32.52765655517578,"y":5.842021465301514,"z":-0.17701037228107453},"rotation":{"x":-0.1845097690820694,"y":0.6127803325653076,"z":-0.1504136323928833,"w":-0.7537986636161804},"size":2.8578836917877199,"orthographic":false}