{"cameraMode":{"drawMode":0,"name":"Shaded","section":"Shading Mode"},"sceneLighting":true,"audioPlay":false,"sceneViewState":{"showFog":true,"showMaterialUpdate":true,"showSkybox":true,"showFlares":true,"showImageEffects":true,"showParticleSystems":true},"in2DMode":false,"pivot":{"x":4.330446243286133,"y":4.210260391235352,"z":-0.38522380590438845},"rotation":{"x":-0.23439466953277589,"y":-0.3648565113544464,"z":0.09420012682676316,"w":-0.8964282274246216},"size":20.064550399780275,"orthographic":false}