{"cameraMode":{"drawMode":0,"name":"Shaded","section":"Shading Mode"},"sceneLighting":false,"audioPlay":false,"sceneViewState":{"showFog":true,"showMaterialUpdate":true,"showSkybox":false,"showFlares":true,"showImageEffects":true,"showParticleSystems":true},"in2DMode":false,"pivot":{"x":14.201186180114746,"y":-0.6742916107177734,"z":21.639915466308595},"rotation":{"x":0.16900944709777833,"y":0.5262455344200134,"z":-0.10694283246994019,"w":0.8267607688903809},"size":11.356269836425782,"orthographic":false}