{"cameraMode":{"drawMode":0,"name":"Shaded","section":"Shading Mode"},"sceneLighting":true,"audioPlay":false,"sceneViewState":{"showFog":true,"showMaterialUpdate":true,"showSkybox":true,"showFlares":true,"showImageEffects":true,"showParticleSystems":true},"in2DMode":false,"pivot":{"x":-32.25621032714844,"y":35.69983673095703,"z":3.0681867599487306},"rotation":{"x":-0.18005922436714173,"y":-0.794028639793396,"z":0.27836430072784426,"w":-0.5101156830787659},"size":2.8578836917877199,"orthographic":false}