{"cameraMode":{"drawMode":0,"name":"Shaded","section":"Shading Mode"},"sceneLighting":false,"audioPlay":false,"sceneViewState":{"showFog":true,"showMaterialUpdate":true,"showSkybox":false,"showFlares":true,"showImageEffects":true,"showParticleSystems":true},"in2DMode":false,"pivot":{"x":-35.623714447021487,"y":3.2323179244995119,"z":-0.05300092697143555},"rotation":{"x":0.2947499454021454,"y":0.1280815154314041,"z":-0.03897612914443016,"w":0.9463794231414795},"size":3.283458709716797,"orthographic":false}