{"cameraMode":{"drawMode":0,"name":"Shaded","section":"Shading Mode"},"sceneLighting":false,"audioPlay":false,"sceneViewState":{"showFog":true,"showMaterialUpdate":true,"showSkybox":false,"showFlares":true,"showImageEffects":true,"showParticleSystems":true},"in2DMode":false,"pivot":{"x":-35.93006896972656,"y":2.9924120903015138,"z":1.910109281539917},"rotation":{"x":0.2173859030008316,"y":0.4208255112171173,"z":-0.10398447513580322,"w":0.8748204112052918},"size":2.8578836917877199,"orthographic":false}