{"cameraMode":{"drawMode":0,"name":"Shaded","section":"Shading Mode"},"sceneLighting":false,"audioPlay":false,"sceneViewState":{"showFog":true,"showMaterialUpdate":true,"showSkybox":false,"showFlares":true,"showImageEffects":true,"showParticleSystems":true},"in2DMode":false,"pivot":{"x":-35.90192413330078,"y":3.008157968521118,"z":-4.224130630493164},"rotation":{"x":0.12844780087471009,"y":0.5635058879852295,"z":-0.08802100270986557,"w":0.8115807771682739},"size":2.8578836917877199,"orthographic":false}