{"cameraMode":{"drawMode":0,"name":"Shaded","section":"Shading Mode"},"sceneLighting":true,"audioPlay":false,"sceneViewState":{"showFog":true,"showMaterialUpdate":true,"showSkybox":true,"showFlares":true,"showImageEffects":true,"showParticleSystems":true},"in2DMode":false,"pivot":{"x":1.4952421188354493,"y":-5.765769004821777,"z":-4.479865074157715},"rotation":{"x":0.34405606985092165,"y":0.3045215606689453,"z":-0.11840149760246277,"w":0.8805453181266785},"size":22.0,"orthographic":false}