{"cameraMode":{"drawMode":0,"name":"Shaded","section":"Shading Mode"},"sceneLighting":true,"audioPlay":false,"sceneViewState":{"showFog":true,"showMaterialUpdate":true,"showSkybox":true,"showFlares":true,"showImageEffects":true,"showParticleSystems":true},"in2DMode":false,"pivot":{"x":-20.810791015625,"y":8.998758316040039,"z":2.575977087020874},"rotation":{"x":-0.12852998077869416,"y":-0.7481060028076172,"z":0.1486460119485855,"w":-0.6343643665313721},"size":2.8578836917877199,"orthographic":false}