{"cameraMode":{"drawMode":0,"name":"Shaded","section":"Shading Mode"},"sceneLighting":true,"audioPlay":false,"sceneViewState":{"showFog":true,"showMaterialUpdate":true,"showSkybox":true,"showFlares":true,"showImageEffects":true,"showParticleSystems":true},"in2DMode":false,"pivot":{"x":-23.149341583251954,"y":20.62948226928711,"z":-4.404517650604248},"rotation":{"x":-0.2456064075231552,"y":-0.6750314235687256,"z":0.2550208270549774,"w":-0.6476681232452393},"size":4.0578837394714359,"orthographic":false}