{"cameraMode":{"drawMode":0,"name":"Shaded","section":"Shading Mode"},"sceneLighting":false,"audioPlay":false,"sceneViewState":{"showFog":true,"showMaterialUpdate":true,"showSkybox":false,"showFlares":true,"showImageEffects":true,"showParticleSystems":true},"in2DMode":false,"pivot":{"x":16.154300689697267,"y":-0.1341644525527954,"z":20.415414810180665},"rotation":{"x":0.2919630706310272,"y":0.1578962653875351,"z":-0.048002853989601138,"w":0.9423149228096008},"size":2.8578836917877199,"orthographic":false}