{"cameraMode":{"drawMode":0,"name":"Shaded","section":"Shading Mode"},"sceneLighting":false,"audioPlay":false,"sceneViewState":{"showFog":true,"showMaterialUpdate":true,"showSkybox":false,"showFlares":true,"showImageEffects":true,"showParticleSystems":true},"in2DMode":false,"pivot":{"x":8.017900466918946,"y":0.40446972846984866,"z":17.962894439697267},"rotation":{"x":0.22862665355205537,"y":0.4026058614253998,"z":-0.10396408289670944,"w":0.880510151386261},"size":3.777024030685425,"orthographic":false}