{"cameraMode":{"drawMode":0,"name":"Shaded","section":"Shading Mode"},"sceneLighting":true,"audioPlay":false,"sceneViewState":{"showFog":true,"showMaterialUpdate":true,"showSkybox":true,"showFlares":true,"showImageEffects":true,"showParticleSystems":true},"in2DMode":false,"pivot":{"x":-32.58770751953125,"y":7.35789680480957,"z":-0.13098596036434174},"rotation":{"x":-0.2772200107574463,"y":0.5434659719467163,"z":-0.1967793107032776,"w":-0.7677373886108398},"size":8.456984519958496,"orthographic":false}