{"cameraMode":{"drawMode":2,"name":"Shaded Wireframe","section":"Shading Mode"},"sceneLighting":true,"audioPlay":false,"sceneViewState":{"showFog":true,"showMaterialUpdate":true,"showSkybox":true,"showFlares":true,"showImageEffects":true,"showParticleSystems":true},"in2DMode":false,"pivot":{"x":-42.054847717285159,"y":6.96914005279541,"z":-2.7140660285949709},"rotation":{"x":-0.14898332953453065,"y":-0.6494142413139343,"z":0.1312067210674286,"w":-0.7343208193778992},"size":2.8578836917877199,"orthographic":false}