{"cameraMode":{"drawMode":0,"name":"Shaded","section":"Shading Mode"},"sceneLighting":true,"audioPlay":false,"sceneViewState":{"showFog":true,"showMaterialUpdate":true,"showSkybox":true,"showFlares":true,"showImageEffects":true,"showParticleSystems":true},"in2DMode":false,"pivot":{"x":-8.422636985778809,"y":7.290761470794678,"z":0.2090718150138855},"rotation":{"x":-0.2074764221906662,"y":-0.7314045429229736,"z":0.2512601912021637,"w":-0.5995282530784607},"size":3.7578837871551515,"orthographic":false}