{"cameraMode":{"drawMode":0,"name":"Shaded","section":"Shading Mode"},"sceneLighting":true,"audioPlay":false,"sceneViewState":{"showFog":true,"showMaterialUpdate":false,"showSkybox":true,"showFlares":true,"showImageEffects":true,"showParticleSystems":true},"in2DMode":false,"pivot":{"x":-33.775901794433597,"y":5.63818359375,"z":5.187346458435059},"rotation":{"x":-0.12169861793518067,"y":0.8774559497833252,"z":-0.3068007826805115,"w":-0.34847360849380495},"size":2.2863106727600099,"orthographic":false}