{"cameraMode":{"drawMode":0,"name":"Shaded","section":"Shading Mode"},"sceneLighting":false,"audioPlay":false,"sceneViewState":{"showFog":true,"showMaterialUpdate":true,"showSkybox":false,"showFlares":true,"showImageEffects":true,"showParticleSystems":true},"in2DMode":false,"pivot":{"x":-35.78418731689453,"y":3.208296060562134,"z":3.645324230194092},"rotation":{"x":0.22659698128700257,"y":0.39762184023857119,"z":-0.10139713436365128,"w":0.8835935592651367},"size":3.777024030685425,"orthographic":false}