{"cameraMode":{"drawMode":0,"name":"Shaded","section":"Shading Mode"},"sceneLighting":true,"audioPlay":false,"sceneViewState":{"showFog":true,"showMaterialUpdate":true,"showSkybox":true,"showFlares":true,"showImageEffects":true,"showParticleSystems":true},"in2DMode":false,"pivot":{"x":19.167430877685548,"y":3.273059844970703,"z":4.218558311462402},"rotation":{"x":0.3415849208831787,"y":0.18802133202552796,"z":-0.06879886984825134,"w":0.9185633659362793},"size":22.67145347595215,"orthographic":false}